,title,id,author,created_utc,score,upvote_ratio,url
0,Trump brags gas is down to $1.98 a gallon in a ‘couple of states.’ It isn’t — anywhere,1k2lf5y,Murky-Site7468,1745027503.0,25509,0.97,https://www.the-independent.com/news/world/americas/us-politics/trump-gas-1-98-fact-check-b2735919.html
1,"Kilmar Abrego Garcia Moved Out of Notorious CECOT, Van Hollen Says",1k2fas4,polymute,1745009441.0,35473,0.96,https://www.newsweek.com/kilmar-abrego-garcia-moved-out-notorious-cecot-van-hollen-says-2061639
2,‘Will end badly for him’: Republican Karl Rove says Americans are already tired of Trump,1k2h3z8,1_for_you_2_for_me,1745014303.0,11394,0.97,https://www.independent.co.uk/news/world/americas/us-politics/karl-rove-donald-trump-republican-b2735804.html
3,"DHS ""bombshell"" report on Kilmar Abrego Garcia is about a traffic stop",1k2ik0i,WoofWoofster,1745018456.0,6076,0.99,https://www.newsweek.com/dhs-bombshell-report-kilmar-abrego-garcia-about-traffic-stop-2061612
4,Supreme Court orders Trump administration not to deport Venezuelans for now,1k2osyn,nbcnews,1745039503.0,1936,0.99,https://www.nbcnews.com/politics/supreme-court/supreme-court-orders-trump-administration-not-deport-venezuelans-now-rcna201949
5,WH Ignited Harvard War by Mistake—but Still Blames Harvard,1k2u3tc,Boonzies,1745061971.0,517,0.97,https://www.thedailybeast.com/white-house-ignited-harvard-war-by-mistakebut-blames-harvard-anyway/
6,"Trump Admin Bombarded With Demands for Epstein Files After Releasing RFK Assassination Files: 'Promises Made, Promises Broken'",1k2gam4,PostHeraldTimes,1745012071.0,6179,0.99,https://www.latintimes.com/trump-admin-bombarded-demands-epstein-files-after-releasing-rfk-assassination-files-promises-581204
7,FSU shooting: Suspect Phoenix Ikner ‘had white supremacist views’,1k2w1u9,Recent_Peanut7455,1745068626.0,301,0.99,https://www.the-independent.com/news/world/americas/crime/fsu-shooting-florida-state-university-suspect-live-updates-b2735641.html
8,RFK Jr. Touted as 'Unfit' After Rant About Lack of Autism in 'Older People': 'He Cannot Be This Stupid',1k29imr,Yveliad,1744994733.0,32639,0.96,https://www.latintimes.com/rfk-jr-touted-unfit-after-rant-about-lack-autism-older-people-he-cannot-this-stupid-580963
9,California Voters Do Not Want Gavin Newsom To Run for President: Poll,1k2oxuf,Hero-Firefighter-24,1745040042.0,1058,0.96,https://www.newsweek.com/gavin-newsom-trump-president-poll-democrats-2061500
10,"Senator says Bukele staged margaritas at Abrego Garcia meeting, wanted it by pool",1k2hq71,Healthy_Block3036,1745016036.0,3506,0.99,https://www.rollingstone.com/politics/politics-news/chris-van-hollen-meeting-kilmar-abrego-garcia-1235321088/
11,Trump Officials Blame Mistake for Setting Off Confrontation With Harvard,1k2l7l8,GG1126,1745026810.0,1962,0.98,https://www.nytimes.com/2025/04/18/business/trump-harvard-letter-mistake.html
12,"ACLU rushes to Supreme Court, warning more Alien Enemies Act deportations are ‘imminent’",1k2izk7,brown-saiyan,1745019750.0,2817,0.99,https://www.politico.com/news/2025/04/18/trump-deportations-alien-enemies-act-00299474
13,Trump Slams 'Grandstander' Senator Van Hollen for Visiting Abrego Garcia in El Salvador: 'Looked Like a Fool',1k2bleg,Yveliad,1744999924.0,7966,0.96,https://www.latintimes.com/trump-slams-grandstander-senator-van-hollen-visiting-abrego-garcia-el-salvador-looked-like-581162
14,Trump Brags Gas is Down to $1.98 a Gallon in a ‘Couple of States.’ It Isn’t — Anywhere.,1k2mpxb,T_Shurt,1745031850.0,1266,0.98,https://www.independent.co.uk/news/world/americas/us-politics/trump-gas-1-98-fact-check-b2735919.html
15,Trump is wrapping up 100 days of historic failure,1k25l51,mintaphil,1744984694.0,24857,0.96,https://www.washingtonpost.com/opinions/2025/04/18/trump-100-days-failure/
16,"""They want to rob it"": Former Social Security head says Musk, Trump are ""wrecking"" agency to raid it",1k2e1xp,salon,1745006222.0,3552,0.99,https://www.salon.com/2025/04/18/they-want-to-rob-it-former-social-security-head-says-musk-are-wrecking-agency-to-raid-it/
17,Anti-Trump protests this weekend turn focus to community action,1k2u3pi,BiggieTwiggy1two3,1745061958.0,196,0.98,https://www.npr.org/2025/04/19/nx-s1-5369483/anti-trump-protests-50501-tesla-takedown
18,Trump's approval rating worst of post-WWII presidents,1k2a2wu,newsweek,1744996110.0,5780,0.98,https://www.newsweek.com/trumps-approval-rating-worst-among-all-post-wwii-presidents-except-himself-2061508
19,JD Vance will soon learn he is as disposable as Mike Pence,1k23ep7,theipaper,1744978281.0,21916,0.97,https://inews.co.uk/opinion/jd-vance-disposable-mike-pence-3648160
